priorite,categorie,source,type,url,contact,statut,notes,date_prevue,template_recommande,url_cible,anchor_suggere
ğŸ”´ PrioritÃ© 1,Annuaires B2B,Clutch,Profil entreprise,https://clutch.co,support@clutch.co,Ã€ crÃ©er,DÃ©jÃ  identifiÃ©. Obtenir 5+ avis clients,2026-01-10,Template 5 - Plateforme avis,services/index.html,VOC-Call BPO France
ğŸ”´ PrioritÃ© 1,Annuaires B2B,Sortlist,Profil + avis,https://www.sortlist.com,contact@sortlist.com,Ã€ crÃ©er,Marketplace B2B backlink + leads,2026-01-20,Template 5 - Plateforme avis,services/index.html,VOC-Call centre d'appel France
ğŸŸ¡ PrioritÃ© 2,Annuaires B2B,GoodFirms,Profil entreprise,https://www.goodfirms.co,contact@goodfirms.co,Ã€ crÃ©er,Alternative Clutch secteur IT/BPO,2026-02-15,Template 5 - Plateforme avis,services/index.html,VOC-Call
ğŸŸ¢ PrioritÃ© 3,Annuaires B2B,DesignRush,Profil,https://www.designrush.com,contact@designrush.com,Ã€ crÃ©er,Marketplace agences section call center,2026-03-01,Template 5 - Plateforme avis,services/index.html,VOC-Call
ğŸ”´ PrioritÃ© 1,Annuaires institutionnels,France Num,Annuaire numÃ©rique / Activateurs,https://www.francenum.gouv.fr,contact@francenum.gouv.fr,Ã€ soumettre,Portail transformation numÃ©rique entreprises - Section Activateurs France Num,2026-02-01,Template 3 - Annuaire,index.html,VOC-Call
ğŸ”´ PrioritÃ© 1,Annuaires institutionnels,BPI France,Annuaire entreprises,https://www.bpifrance.fr,contact@bpifrance.fr,Ã€ soumettre,AutoritÃ© trÃ¨s Ã©levÃ©e section services,2026-02-05,Template 3 - Annuaire,services/index.html,VOC-Call centre d'appel
ğŸŸ¡ PrioritÃ© 2,Annuaires institutionnels,CCI France,Annuaire CCI,https://www.cci.fr,contact@cci.fr,Ã€ soumettre,Chambre de commerce local,2026-02-10,Template 3 - Annuaire,about.html,VOC-Call
ğŸŸ¡ PrioritÃ© 2,Annuaires institutionnels,PÃ´le Emploi Entreprises,Annuaire recruteurs,https://entreprise.pole-emploi.fr,entreprises@pole-emploi.fr,Ã€ soumettre,AutoritÃ© .gouv section tÃ©lÃ©travail,2026-02-15,Template 3 - Annuaire,careers.html,VOC-Call
ğŸ”´ PrioritÃ© 1,Annuaires sectoriels,AFRC (Association FranÃ§aise Relation Client),Annuaire membres,https://www.afrc.asso.fr,contact@afrc.asso.fr,Ã€ contacter,Association professionnelle autoritÃ© secteur,2026-03-01,Template 4 - Association,about.html,VOC-Call
ğŸŸ¡ PrioritÃ© 2,Annuaires sectoriels,Call Center Network,Annuaire call center,https://www.call-center-network.fr,contact@call-center-network.fr,Ã€ contacter,SpÃ©cialisÃ© call center France,2026-03-05,Template 3 - Annuaire,services/index.html,VOC-Call
ğŸŸ¡ PrioritÃ© 2,Annuaires sectoriels,BPO France,Annuaire BPO,Recherche nÃ©cessaire,-,Ã€ rechercher,Annuaire spÃ©cialisÃ© BPO,2026-03-10,Template 3 - Annuaire,services/index.html,VOC-Call
ğŸŸ¢ PrioritÃ© 3,Annuaires sectoriels,Annuaires Pro,Multi-annuaires,https://www.annuaires-pro.com,contact@annuaires-pro.com,Ã€ soumettre,GÃ©nÃ©raliste mais trafic,2026-03-15,Template 3 - Annuaire,index.html,VOC-Call
ğŸ”´ PrioritÃ© 1,Plateformes avis,Capterra,Profil + avis,https://www.capterra.fr,contact@capterra.com,Ã€ crÃ©er,Marketplace logiciels section call center,2026-02-15,Template 5 - Plateforme avis,services/index.html,VOC-Call call center
ğŸ”´ PrioritÃ© 1,Plateformes avis,G2,Profil + avis,https://www.g2.com,contact@g2.com,Ã€ crÃ©er,AutoritÃ© trÃ¨s Ã©levÃ©e avis clients,2026-01-25,Template 5 - Plateforme avis,services/index.html,VOC-Call BPO
ğŸŸ¡ PrioritÃ© 2,Plateformes avis,TrustRadius,Profil,https://www.trustradius.com,contact@trustradius.com,Ã€ crÃ©er,Avis B2B secteur tech,2026-03-01,Template 5 - Plateforme avis,services/index.html,VOC-Call
ğŸŸ¡ PrioritÃ© 2,Plateformes avis,Software Advice,Profil,https://www.softwareadvice.com,contact@softwareadvice.com,Ã€ crÃ©er,Comparateur logiciels,2026-03-05,Template 5 - Plateforme avis,services/index.html,VOC-Call
ğŸŸ¡ PrioritÃ© 2,Associations,Syntec NumÃ©rique,Annuaire membres,https://syntec-numerique.fr,contact@syntec-numerique.fr,Ã€ contacter,FÃ©dÃ©ration numÃ©rique autoritÃ© secteur,2026-05-15,Template 4 - Association,about.html,VOC-Call
ğŸŸ¡ PrioritÃ© 2,Associations,France TÃ©lÃ©coms,Annuaire / Article,Recherche nÃ©cessaire,-,Ã€ rechercher,FÃ©dÃ©ration tÃ©lÃ©coms,2026-05-20,Template 4 - Association,services/index.html,VOC-Call
ğŸŸ¡ PrioritÃ© 2,Associations,CGPME,Annuaire PME,https://www.cgpme.org,contact@cgpme.org,Ã€ contacter,ConfÃ©dÃ©ration PME,2026-05-25,Template 4 - Association,about.html,VOC-Call

