Priorité Globale,Mot-clé,Volume,Difficulté SEO,Ville,Catégorie,Phase,URL Suggérée,Action
P1,déménageur paris,5400,31,Paris,Volume 5000+,Phase 1,/demenageur-paris,Page dédiée URGENT
P1,déménagement paris,5400,36,Paris,Volume 5000+,Phase 1,/demenagement-paris,Page dédiée URGENT
P2,déménageur toulouse,3600,26,Toulouse,Volume 3000-4999,Phase 2,/demenageur-toulouse,Page dédiée
P2,déménagement toulouse,3600,33,Toulouse,Volume 3000-4999,Phase 2,/demenagement-toulouse,Page dédiée
P3,déménageur lyon,2900,23,Lyon,Volume 2000-2999,Phase 2,/demenageur-lyon,Page dédiée
P3,déménagement lyon,2900,30,Lyon,Volume 2000-2999,Phase 2,/demenagement-lyon,Page dédiée
P3,déménagement marseille,2400,13,Marseille,Volume 2000-2999,Phase 2,/demenagement-marseille,Page dédiée
P3,déménageur marseille,2400,13,Marseille,Volume 2000-2999,Phase 2,/demenageur-marseille,Page dédiée
P3,déménagement bordeaux,2400,24,Bordeaux,Volume 2000-2999,Phase 2,/demenagement-bordeaux,Page dédiée
P3,déménagement grenoble,2400,37,Grenoble,Volume 2000-2999,Phase 2,/demenagement-grenoble,Page dédiée
P3,déménageur grenoble,2400,37,Grenoble,Volume 2000-2999,Phase 2,/demenageur-grenoble,Page dédiée
P4,déménagement nice,1600,16,Nice,Volume 1500-1999,Phase 3,/demenagement-nice,Page dédiée
P4,déménageur nice,1600,16,Nice,Volume 1500-1999,Phase 3,/demenageur-nice,Page dédiée
P4,déménageur strasbourg,1900,26,Strasbourg,Volume 1500-1999,Phase 3,/demenageur-strasbourg,Page dédiée
P4,déménagement strasbourg,1900,28,Strasbourg,Volume 1500-1999,Phase 3,/demenagement-strasbourg,Page dédiée
P4,déménageur bordeaux,1900,26,Bordeaux,Volume 1500-1999,Phase 2,/demenageur-bordeaux,Page dédiée
P4,déménageur montpellier,1900,29,Montpellier,Volume 1500-1999,Phase 3,/demenageur-montpellier,Page dédiée
P4,déménagement montpellier,1900,29,Montpellier,Volume 1500-1999,Phase 3,/demenagement-montpellier,Page dédiée
P5,déménageur versailles,1000,11,Versailles,Volume 1000-1499,Phase 4,/demenageur-versailles,Page dédiée
P5,déménagement versailles,1000,42,Versailles,Volume 1000-1499,Phase 4,/demenagement-versailles,Page dédiée
P5,déménageur angers,1000,16,Angers,Volume 1000-1499,Phase 4,/demenageur-angers,Page dédiée
P5,déménagement angers,1000,19,Angers,Volume 1000-1499,Phase 4,/demenagement-angers,Page dédiée
P5,déménageur nantes,1300,26,Nantes,Volume 1000-1499,Phase 4,/demenageur-nantes,Page dédiée
P5,déménagement nantes,1300,29,Nantes,Volume 1000-1499,Phase 4,/demenagement-nantes,Page dédiée
P5,déménagement dijon,1000,25,Dijon,Volume 1000-1499,Phase 4,/demenagement-dijon,Page dédiée
P5,déménageur rennes,1000,25,Rennes,Volume 1000-1499,Phase 4,/demenageur-rennes,Page dédiée
P5,déménagement rennes,1000,26,Rennes,Volume 1000-1499,Phase 4,/demenagement-rennes,Page dédiée
P5,déménageur rouen,1000,29,Rouen,Volume 1000-1499,Phase 4,/demenageur-rouen,Page dédiée
P5,déménagement rouen,1000,30,Rouen,Volume 1000-1499,Phase 4,/demenagement-rouen,Page dédiée
P5,déménageur annecy,1000,30,Annecy,Volume 1000-1499,Phase 4,/demenageur-annecy,Page dédiée
P5,déménagement annecy,1000,33,Annecy,Volume 1000-1499,Phase 4,/demenagement-annecy,Page dédiée

